snapshot,time_gyr,main_halo_num,merging_halo_num,main_mstar,merging_mstar,main_mvir,merging_mvir,main_mgas,merging_mgas,redshift,main_haloid,merging_haloid
000384,1.2972938979674051,4,9,341538,1770360.0,691415000.0,423114000.0,107928000.0,59082000.0,4.812711810726945,166574,166579
000384,1.2972938979674051,4,8,341538,654588.0,691415000.0,447744000.0,107928000.0,67726200.0,4.812711810726945,166574,166578
000384,1.2972938979674051,4,14,341538,62020.7,691415000.0,148012000.0,107928000.0,35526900.0,4.812711810726945,166574,166584
