snapshot,time_gyr,main_halo_num,merging_halo_num,main_mstar,merging_mstar,main_mvir,merging_mvir,main_mgas,merging_mgas,redshift,main_haloid,merging_haloid
000291,0.9857707111013563,5,12,112947.0,246017.0,356759000.0,192068000.0,55888200.0,8525180.0,5.985763517498792,86887,86894
001025,3.4444590891595097,8,28,2665410.0,7690.19,1313750000.0,195894000.0,24677100.0,0.0,1.9991293710484581,275563,275583
001152,3.869872473372461,7,62,2640260.0,7627.54,1680600000.0,116982000.0,25721700.0,0.0,1.7660454542582111,364491,364546
001162,3.903369590239607,7,72,2638030.0,7623.05,1698470000.0,96803100.0,25615300.0,0.0,1.7494470750299072,12859,12924
001280,4.298635569270685,6,84,2614680.0,7573.99,1885450000.0,83976100.0,27874900.0,0.0,1.5694666434945104,415238,415316
001331,4.469470865292553,6,98,2605820.0,7554.78,1969240000.0,71931900.0,26746000.0,0.0,1.4996476628885964,74377,74469
001408,4.727398665168711,7,158,2593630.0,7527.7,1997310000.0,39305300.0,20829300.0,0.0,1.4019186731979194,48892,49043
